name,AF2_name,sequence,is_binder,binding_strength,Kd_M,seq_len,Kd_numeric
IL7Ra_binder_design_1,IL7Ra_binder_AF2_1,ELKELEEAVRAIKTARMRIEKDPSVAKEELEKVIEKLEKAAEVVSNKEFIQKQVEELKELKEKLKDEEDVEKVLDYLEEAEAEIFELYYEAKKK,True,weak,2.15e-05,94,2.15e-05
IL7Ra_binder_design_2,IL7Ra_binder_AF2_2,EREEQIEEAIELFIKRAKELGAKEVKYEGNKITVKAPTKEVYEALKILGEILEEKVGIEVNVELV,True,weak,> 1e-6,65,
IL7Ra_binder_design_3,IL7Ra_binder_AF2_3,DALKEASKLMSEALLKEAEETTDEETKEALRKMAELVKAEKPEVLEEAQRALFEAKIEGEKAAEVAKEGLERMKALVEG,False,none,,79,
IL7Ra_binder_design_4,IL7Ra_binder_AF2_4,AAEKAEEVVRALREAVERAVELIKKDAKKGAKEARRRLEEVAELAAEAFPEVGERIRNDLRIMGTQVEDLVEEGDVEGAIEALRKGAERLVEFIREEAAR,False,none,,100,
IL7Ra_binder_design_5,IL7Ra_binder_AF2_5,EEKEKAKEIIDRAVKEAKKEAEKEDEETKKKTLEIIERAELVVKADLEIGKSFEYIKKRLEAAAELVPEEVAKILREAAEEVKKA,False,weak,> 1e-6,85,
IL7Ra_binder_design_6,IL7Ra_binder_AF2_6,EEKKKEIKEEAEKKAEEAFPKDKEEALKVKMAIDAIYRAKTKESRERVLEIASKYLSEKGMEIVKEFAEKLEELD,False,weak,> 1e-6,75,
IL7Ra_binder_design_7,IL7Ra_binder_AF2_7,AMEEVEKLLEEAGKYAQKAMELDPSIAKEVAQLMHDVLEALSEHKDPEEAAKALREVAEKVRELAKKASEEAAKLLEKAAEYIERAADVLEG,False,weak,> 1e-6,92,
IL7Ra_binder_design_8,IL7Ra_binder_AF2_8,MAVVTAPDTPDVREFAEKVAKYYGWEKYKEGDKIVIKCDSLEIAEQVAKLLDLLAPGAKCEP,True,strong,6.60e-06,62,6.6e-06
IL7Ra_binder_design_9,IL7Ra_binder_AF2_9,MEVKEKAAEIVLKAGEEAAKDPSKAAEIWREAAKEVWTLIEEEIGEEEAEKAKAAIVEAYYEAKKTGDYLGAAKKAVEEIK,True,weak,> 1e-6,81,
IL7Ra_binder_design_10,IL7Ra_binder_AF2_10,SVQLEALEILIKELKKELEKAKKELEKASPEEKKKLEEKAKKLEELLKEAEELKKKIEKGEISSEEAAKKIKKISDEYLELKTD,False,none,,84,
IL7Ra_binder_design_11,IL7Ra_binder_AF2_11,MEKEKKAKEIVERLKKAIPNIVSYKVEGDEVEVKVKNPTEEDKLILEMAKDAFELLGVKVKIEIE,True,none,,65,
IL7Ra_binder_design_12,IL7Ra_binder_AF2_12,ERLEKLAERYKIVIEAKVEEDLEDLEKFINALVEQTSPEDAPALLRALKEVAEKLGEEKAEAKEILLKAAEKIEKKLAAA,False,strong,6.40e-06,80,6.4e-06
IL7Ra_binder_design_13,IL7Ra_binder_AF2_13,KEKAKYIAETAYNLLEERGKAVSIEFEGNEVKITVKSLDEAEKKIVEAAKKALAELGFTLTVEVA,False,none,,65,
IL7Ra_binder_design_14,IL7Ra_binder_AF2_14,SELEKVKEKLLELIEELKKKGYEEAAERFKKELEKALKEPDALERVELLLTLAEDILN,False,weak,> 1e-6,58,
IL7Ra_binder_design_15,IL7Ra_binder_AF2_15,EELEKAKEALKKALEASSVDLAEEVLAKVFEVEDKAVELRKEGKEEEAKKLELEGYKKAVEELEKA,False,weak,> 1e-6,66,
IL7Ra_binder_design_16,IL7Ra_binder_AF2_16,MEEKEKAAAAVESVANAAVDALEVAAEASKDEKVKEELREKAKEVEEKAKEAVEKIKSSSAEEAKEIAKKAIEEIKKIVEEARKLLFEEQ,False,,,90,
IL7Ra_binder_design_17,IL7Ra_binder_AF2_17,AKELVEKAVEKWEEGLYYYFEALELYKEGGDKEKMKEYVEKTEEKTKEAVELFKEAAKKDPSLKIAYEQVEKAAKKAIEEAKKALEEH,True,none,,88,
IL7Ra_binder_design_18,IL7Ra_binder_AF2_18,AVEVAREAVEVAEEAAKKDPRLKPALEHVRKALEAVEAGDDEEAKKHLLEAAEVIAEVNPELGEALKKRIEEEEDLEKRAWLLRVALLTLLEQG,False,,,94,
IL7Ra_binder_design_19,IL7Ra_binder_AF2_19,EEKDKYIEEAQYVAVEALEYIKDGTAEEGEKAKEEAEKKIRELLTKAGVSEEQIEEAVELFNKEANKLIEEVKK,False,,,74,
IL7Ra_binder_design_20,IL7Ra_binder_AF2_20,MIKIVAKGTEEQMEFAAVVMEDIGFEVVELEGGYLVVEGEIPRELAERIVEALKEAGIEAELIE,True,strong,1.44e-07,64,1.44e-07
IL7Ra_binder_design_21,IL7Ra_binder_AF2_21,MEEKFKELKEKAEIAAELAEEYVKEGDKKSAVKAAEQATRILGEEGLKVGKEVAKKVMEVMIEKLEKADKEAAEAAKKVAEEIFEK,False,,,86,
IL7Ra_binder_design_22,IL7Ra_binder_AF2_22,SLEEKYKKEKEEAEKIFKEAVEVAKEYSEEAAKTVEKFKKEAEKEEKKLKDPLAKVEFWEAVKHRAEEIRESFKEKVEKKKKEEE,False,,,85,
IL7Ra_binder_design_23,IL7Ra_binder_AF2_23,DEEEKKKLAEEAIEAVEKGDLEKAKELLKKLAEAAKTEEEAEKWLSEAIREAAKKIKDDEKVDDLKYAAVEALEERKK,True,weak,> 1e-6,78,
IL7Ra_binder_design_24,IL7Ra_binder_AF2_24,EYKERLKRAVESVKKGEDEEEAGKEALELLEEISEEEFAKILQEVVKEEGYDVDVVQELLALLVEAKL,False,,,68,
IL7Ra_binder_design_25,IL7Ra_binder_AF2_25,SEEKAKEEAELVVKRAKEEAEKSKDKKEIAELAGKLVEDIALEYGLSEEKAKKLGEEAKKEV,False,,,62,
IL7Ra_binder_design_26,IL7Ra_binder_AF2_26,KLREEYQKAANEGEKAIKEGNAEEALKAAKKVKEVAEKFKKEGDEKSAYVAKVKAEELEEKAKELAK,True,strong,2.67e-07,67,2.67e-07
IL7Ra_binder_design_27,IL7Ra_binder_AF2_27,DEKEKMLKEAEKLISAITGIKVEVRIEGDEVVIKLEKATEESKALAEDTAEKLATYFGLKAKVEA,False,,,65,
IL7Ra_binder_design_28,IL7Ra_binder_AF2_28,SEKAEKAKKLVEEAEKKKKEGKEEEARKLLEEAAVLFVEAGKIEESEKVREKIFEFK,False,,,57,
IL7Ra_binder_design_29,IL7Ra_binder_AF2_29,KEEEREKFVEFFKELLKDNDEKTREIIKEQAIKVAEEEGDEELLKKIKEAIEEV,True,strong,3.34e-07,54,3.34e-07
IL7Ra_binder_design_30,IL7Ra_binder_AF2_30,DKLKELAEERIQDICEEKGIDVEVKIEGNTLIAKTKSDREEDKKYVIELGEKVAKILGIEFKYIP,True,strong,1.30e-07,65,1.3e-07
IL7Ra_binder_design_31,IL7Ra_binder_AF2_31,EEAEKYIEEARKLIEEAKKLAKELKEKKEELDEEEVEKLTKEAVEKLEKARELVEKAEELDPERGKELRKELAETADLLFEAISEAFAAVKKRK,True,none,,94,
IL7Ra_binder_design_32,IL7Ra_binder_AF2_32,SKETEKAKAAAESVISLAEDLAERIKEAAEKLEKEDEEKGKELKEAAEKLEKTVEEAKKLVEEGKKDKENAKKIYEEARKKVLEAAAEVAKKVEEIL,False,,,97,
IL7Ra_binder_design_33,IL7Ra_binder_AF2_33,KKVELLEKIAELFRKLVGASREEAKKLLEEIKKLAEELEKYDPEEGKWVQKVVDYLLEILETKSQEEFDEAAEKAAKILEILAEYYRE,True,strong,6.45e-08,88,6.45e-08
IL7Ra_binder_design_34,IL7Ra_binder_AF2_34,GEEERRRYFFEAAVEKMKDLGAVKVELRGDKLLVTTETEEAKEEARPFAAIAAKALGVEYEVEVA,False,,,65,
IL7Ra_binder_design_35,IL7Ra_binder_AF2_35,EKEKKEAEQLAEFSEDAVKKLKVIAEKADEKLKELYTKAAELFKKAAEAAKSGETLEEAKKLFEEARKLVEEAQELE,True,strong,6.10e-06,77,6.1e-06
IL7Ra_binder_design_36,IL7Ra_binder_AF2_36,HLEEVKKLVIEKAEEFVKEGDIDLAKALLEDAAEVFEEAGHEKEAKELREKAKEV,False,,,55,
IL7Ra_binder_design_37,IL7Ra_binder_AF2_37,EDKKEAEEALEEAEKAKKELEKALKELAELDPSLKEEAEEMIKVAEERIKKTKEIIKEDAKKGKLAAESLKEILEDAAKAVKKRVEKLKA,True,strong,2.38e-07,90,2.38e-07
IL7Ra_binder_design_38,IL7Ra_binder_AF2_38,EKEEEKIKIKKEVQELIEEAVQASAEAKDKEKAKKLLEEARKLAEKAIKAAEEDIEKAKEYLEKVKKLKEEIKKLAEE,False,,,78,
IL7Ra_binder_design_39,IL7Ra_binder_AF2_39,KDEEILKEIEEIKKEIKKKLEEMAKKADDETAKALHVFLATFEKLVEKLIEKGDYEGALEVAREAKEQVEEIEKDPSKVVEATKELQSRLIKLD,False,,,94,
IL7Ra_binder_design_40,IL7Ra_binder_AF2_40,EKKEKLEKIKEELEKKGDYDLAIAVVQIEEYLEEGDEKSAEKLAEQYAKKTGKKELIKEILEIAK,False,,,65,
IL7Ra_binder_design_41,IL7Ra_binder_AF2_41,MEEDLKEAEKLVEKAKEFVKKGDLEEAEKYGKRAILLASKVGKQEEVQARVFEAFNE,False,,,57,
IL7Ra_binder_design_42,IL7Ra_binder_AF2_42,EIEELIKKAAELLQKGKYEEAKELAEKAKEEAKKKGDEELAVKAEIVADLA,False,,,51,
IL7Ra_binder_design_43,IL7Ra_binder_AF2_43,DFDDVQAAAVEGVKLVRETAAADKDPEAIAKAAKEAAEKLKKKAPEVADLYEKAVEEATALAKAGDIEGAVKAFEDHVAEALRKYAA,False,,,87,
IL7Ra_binder_design_44,IL7Ra_binder_AF2_44,KLKELREKAVEKLKEAIRLERENIENGFSKEEELDKKVEEAAELARASDEETKKLFSEAVDLMVEARSEGAVDKEKALEILKKAEEKVEELRKK,False,,,94,
IL7Ra_binder_design_45,IL7Ra_binder_AF2_45,PEEELERVKEIAEAASEGAKEFAEKVVKLAEAVLEGAVSPEALLDLAEKAKKYAENEKEENKDDPKVVEKAEDIKAIAEALKEFAEKVLKE,True,weak,1.60e-05,91,1.6e-05
IL7Ra_binder_design_46,IL7Ra_binder_AF2_46,EEEKKEKIEELKKKAEEVAELVEKGDLEGAQKLISEFSVEEAEGIQLYVVAKQLEKKGYKEEAEEQYKEADEVLEKAVE,False,,,79,
IL7Ra_binder_design_47,IL7Ra_binder_AF2_47,EENLEKAQEELAKAIALGRKLGEKADEKLADEYVAEIQLLFRKAVEYKKKGDLEKAKKEVDEALELVKKFVEEVEKKTGEDGSEVLEHIEKAAKLLKE,False,,,98,
IL7Ra_binder_design_48,IL7Ra_binder_AF2_48,SEAEKAAEKAREALKKAKEARKKFEEAAKKLAEKRPELKEDMEEAIKKAREDIKELEKKIEEAEKKGDAEELEKIAKAAEELAELLEDGAKKVEEAL,True,weak,1.90e-05,97,1.9e-05
IL7Ra_binder_design_49,IL7Ra_binder_AF2_49,EKIEKIAEALREAMLEVGEETGYKEEAEKEAEKAAEILKEDFAEGVLYAGRAAKEIGEKGGLSDLEINKRIQEMREKAEEIYDG,False,,,84,
IL7Ra_binder_design_50,IL7Ra_binder_AF2_50,EEEKRREELVEEVRKAAEKAIEIAKKDPSKAHDAYAELVLLARKAVQEEPGIEKAAAELVKEVQKVIDSL,False,,,70,
IL7Ra_binder_design_51,IL7Ra_binder_AF2_51,EEAKKLAKEAIEKIKKTKDPKKAAEIAKETVKKLLAAGAEEEADEVLLAALEKV,False,,,54,
IL7Ra_binder_design_52,IL7Ra_binder_AF2_52,KEREKELKKAKEEAEKYLKEGEKAIEEGDLEGLRKLFAEILRKIEESKDEEIKKIFEDTRAEIVLKALEKR,True,none,,71,
IL7Ra_binder_design_53,IL7Ra_binder_AF2_53,EEEEKERKKKISECIREVGKEVAKELEEKTGNKEAAKEVEKAAEYLAKAVQGDDDEAEKLSEKASELFQKVAELIDKETAEEVAEELLDRIADCINEAY,True,weak,> 1e-6,99,
IL7Ra_binder_design_54,IL7Ra_binder_AF2_54,SKIVELADKAVEHIFEAKEALKEGDYEKALEELEKALEEAEKLEELGKEDPNAKDAAEKLRKEAEELKKEIEKKK,False,,,75,
IL7Ra_binder_design_55,IL7Ra_binder_AF2_55,SELQEIAKEAGKKITEATGKKVEVEAEGNKIVIKVEEADEKTREVAEIVIEMLKDAGIEAEFEEV,True,strong,4.00e-08,65,4e-08
IL7Ra_binder_design_56,IL7Ra_binder_AF2_56,EAREEAERLAREAAELVEKDGASKEVAEAIERAILEIFEEKDPEAQETLLEIVKDILETDKKVSEEVKEKVIEAAERARELAEKR,False,,,85,
IL7Ra_binder_design_57,IL7Ra_binder_AF2_57,KEKEKELAAAEALEHIAEELEKYVEENPEKVDKETLKAIAEAYEKAAEHYEKAGGDEEKIKELREKAKEYRKKAE,False,,,75,
IL7Ra_binder_design_58,IL7Ra_binder_AF2_58,KKEKLEKLKEEAEKYIKEFEKAAKAGDSEAMLEAYEKARSLIVELKEDPEYEKEAEKLEEKIKKVVEARHK,False,,,71,
IL7Ra_binder_design_59,IL7Ra_binder_AF2_59,KEKEELLKALDELIETVKTATSIEELEEEAAKVVKLLQKLGWEDERVRIIEATYELVRAFKESEEKFEEARKKFIELLEEIKKEVE,False,,,86,
IL7Ra_binder_design_60,IL7Ra_binder_AF2_60,VEEDLKKALKALKEGNKIEAAEHLLAARVEALLKGDEETAEKVEEAVKALQEDKEKAIKIVEEIL,False,,,65,
IL7Ra_binder_design_61,IL7Ra_binder_AF2_61,SEEEERRRREEIEREFEERKEEILELARKLKKLREEGAPSEEISKAAEELQEKLFDLAEWMREKGLPEEKIEELREEVEEVLK,True,strong,1.20e-07,83,1.2e-07
IL7Ra_binder_design_62,IL7Ra_binder_AF2_62,SEEEEKAKREYIAAVIEDALDYIAESLEAEGDKEEAQRIREARPVVVEALKESIEKAIELLKKLAEESKNEKTKESLKRIAEALEKEL,True,weak,9.50e-06,88,9.5e-06
IL7Ra_binder_design_63,IL7Ra_binder_AF2_63,EKELEEAKKALEKAVELVKKAADEELAKEIEEKVEEAKKALEEDPEKAIKIAEEAAKKVAEYIIENKDLSEEDKEALVEAVDHLQEAIALAAIKEAKKK,False,,,99,
IL7Ra_binder_design_64,IL7Ra_binder_AF2_64,LKERAEKKIKEVAEKAKELVLKSKDEEKAAEVQRLFVEAAYLLKEGAEEGNEEKVEKGEELAKKAVEEAE,False,,,70,
IL7Ra_binder_design_65,IL7Ra_binder_AF2_65,VKEEVLELYDKGLEYYFDGLILKKEGKEEEAKEKFKKAAEYAKKAAELAEKAGISEYTVKELNKLAEKAKELAE,False,,,74,
IL7Ra_binder_design_66,IL7Ra_binder_AF2_66,AKEEVDKLVEEVRELAKEVESKKEELEAYAEILRVQAYELIEEGKEEEAKRVAEQGAKRAKEVAEEALKE,False,,,70,
IL7Ra_binder_design_67,IL7Ra_binder_AF2_67,DEAEALREAAKQVLEFAKKFSEKIPEKYSKKLLELAEKAAEALEKAAEAVEKGDEEEREKWLEERDKYLEEIFDIVDEYLEES,False,,,83,
IL7Ra_binder_design_68,IL7Ra_binder_AF2_68,EVLEKAKELYEKAKELIEEAKKLAEEGNFEEAEKKIEEVRELVLELLELAEDYPEIKEIAEEAAKLLLETVEYYHEKKEE,True,strong,5.32e-08,80,5.32e-08
IL7Ra_binder_design_69,IL7Ra_binder_AF2_69,EEAKKLVKEAEKKAKEAAEEVVKAAKEGKEAFEKALKKAEKIFSEIREKALKNKEARKEIAEILKKAVEEIFEAVSDEYAK,False,,,81,
IL7Ra_binder_design_70,IL7Ra_binder_AF2_70,EEALKLAEQVAKAIEEKTGTKVKVELKDGKIVLIAENANEETKEDLEIAVTLFEDRGVEAEFRVE,True,strong,8.25e-07,65,8.25e-07
IL7Ra_binder_design_71,IL7Ra_binder_AF2_71,SLEEKLQEVLEKLPAEVAEEAQDIYFDELLKGKSFAEAAKAVAEYLKEKGYEEEAKELIEAVEKA,True,strong,1.79e-07,65,1.79e-07
IL7Ra_binder_design_72,IL7Ra_binder_AF2_72,SKKEELIKKAEELYKKAEEYIKKAEEDPENYEEYEVKALELLKEAQEYILQTEDLELYKEFKKKVEELIKRLEEIKEKVKKKKE,False,,,84,
IL7Ra_binder_design_73,IL7Ra_binder_AF2_73,NVDEIQELLAEFFEARYAGDAERLREVAERLRELAKKASEEEAKAALELAEAAEREAEKVAEENRRRKEEE,False,,,71,
IL7Ra_binder_design_74,IL7Ra_binder_AF2_74,EEEEKKAKLVAESWKEYAKDLVEKVKAAAEKGAITPEEIKEIIEELKKKAKETAEKFPLVKDEILETAEKAAKELEEIAKEYEEKH,True,strong,6.39e-08,86,6.39e-08
IL7Ra_binder_design_75,IL7Ra_binder_AF2_75,SQLIEAAEKLEKKAEEVGDKEAAEKARKARKLAEEGKKEEALEWIQEAQALLFEKLNEQKLKEKE,False,,,65,
IL7Ra_binder_design_76,IL7Ra_binder_AF2_76,KEEDIEEALKNWKEFIEILKKDEEKREEYIERAKKAADVVAEQRDERLGKLLREAIEAVDDEEKAEKYVKEAAELDSEATRTFTAWLLSYAE,False,,,92,
IL7Ra_binder_design_77,IL7Ra_binder_AF2_77,KKKLEEAKEIVVALLEHNGIKVVEAEVGDEIRIKVETDDKERAKKVVEYIKEKMKEVGIKLTVEF,True,weak,> 1e-6,65,
IL7Ra_binder_design_78,IL7Ra_binder_AF2_78,SKIEELIKKGVKAFEEGKEEEAVKYFYEAAKELGKEEEFKKLMEEIYKEGYSKAEAAFLALKTIYDKL,True,strong,3.61e-07,68,3.61e-07
IL7Ra_binder_design_79,IL7Ra_binder_AF2_79,HKTLTVEVTKENQEKQLAEAIRKAVKEGATKVIIKYEPDVDEKLLEIAEKQLKDYGIEAEIIPK,False,,,64,
IL7Ra_binder_design_80,IL7Ra_binder_AF2_80,SEEEELKEILERLKERAKEVVEVIFKLYEEGDEEKALTTFESFLALLEDIVAVNPKLKPAVEEALKWLKEYLESHKEKPAAKLLLEELEKR,False,,,91,
IL7Ra_binder_design_81,IL7Ra_binder_AF2_81,MEKFEYAKLMAEILEDRAGAKAEVRIVDGKVVVEVKYKTEQEKEAALRLKEELAEKGIEAIVEEE,False,,,65,
IL7Ra_binder_design_82,IL7Ra_binder_AF2_82,LEEKAEEYKEEAEKIAEEIEEIGEEAEKIGTEEAKEVAEWAKEIVRRFREALKEAEELEDPVARLLRAEFTRDRAKEALEVVKKKLEELKEKKEKE,False,,,96,
IL7Ra_binder_design_83,IL7Ra_binder_AF2_83,SEKAERVAKDAELALKKVGVKAKVTAEGDTVHIKVEELNEETEIVLEIIKDNAEQLGVNYEVEVE,False,,,65,
IL7Ra_binder_design_84,IL7Ra_binder_AF2_84,MEKIEWLKEFAKKAGKELGVEVEVEVEGDKIIVHLSGGDEERKEILKALIEDVAEVLGVEVEVIE,True,weak,> 1e-6,65,
IL7Ra_binder_design_85,IL7Ra_binder_AF2_85,EELEKLLEELGKKLRRAVELAAEGGPEEEIRKELEEAGELYIKATLLSPEGAEAARILVEMAIDALELANPKAAEIARKLFEEAEEKAKKL,False,,,91,
IL7Ra_binder_design_86,IL7Ra_binder_AF2_86,SEEEEAEKKIFEILEKALELFEEGAEILAKVKGEEEAEKELQEFRKRLQKARDEALEASPEEGLKIAKEVLEEAKEFLEEAKKLA,False,,,85,
IL7Ra_binder_design_87,IL7Ra_binder_AF2_87,SEEEKRKEEERVKAAGESLAAITEDLAKKGVKLAEELGDKETAKKIEELAKRAVEKAKGDKKGLEEARELAKEVAELTEKLTEEK,False,,,85,
IL7Ra_binder_design_88,IL7Ra_binder_AF2_88,SMITEEEKLKAAADFIETRSEEVYKKLLEQAEKLGSEEIKEEAKKFLEYGKKAAEAYRKGDVEEAKKYQEKAAEYAEKAVDLIEK,True,strong,7.71e-08,85,7.71e-08
IL7Ra_binder_design_89,IL7Ra_binder_AF2_89,SEKEKAKEEWEILKHLEPKIEEKVKIFPWEEVKEVIEEYEKKWNEVIEKFSDDEEEAKKLKEELKEFKEKLKEIR,False,,,75,
IL7Ra_binder_design_90,IL7Ra_binder_AF2_90,DEKKEQAQKLFEGIIENRDDAEFVRKAALEIAELFPLAAEEIREAAEKFREAAEALKEDKEKGEELFKEAVELLRDALVKGFELEAEKEKK,False,,,91,
IL7Ra_binder_design_91,IL7Ra_binder_AF2_91,EEERLKKALEEAEKAYEELKKAADELGKKIDEKEAESIKKAAEVALEYAKKGNAEEAERAKYILKSRKEEVEDEVKK,False,,,77,
IL7Ra_binder_design_92,IL7Ra_binder_AF2_92,MELLKKAEEAVELVKEVAEKLDKETARILFLTAVDQGAAPVLRAAAEILREEAKKTGREEEAEKLERAAELAEEAAQDPEAEAYLRKELEKKAEEIE,True,strong,9.41e-08,97,9.41e-08
IL7Ra_binder_design_93,IL7Ra_binder_AF2_93,SERIEKIKKEIEKILKVAKAEVEKSGTEEEKEKVEEIFFTRLDDIVEEEGEEVKPIAEKYKKEFKEYAEKVIKE,False,,,74,
IL7Ra_binder_design_94,IL7Ra_binder_AF2_94,EEKIKKAKEYRKKAIEALKAGDIDKFDELLAKFIEYAYESGKFEEFEKEFLKEYEK,False,,,56,
IL7Ra_binder_design_95,IL7Ra_binder_AF2_95,MEKEREELRKKLEELVKETLKLIDELIKLLKEKGEEWKEVIEELEKLKKELEERLKKSDELDYEELKHEYEGVESLYNLVSDLLEKIKK,True,strong,1.75e-06,89,1.75e-06
